OrderID	MenuName
25OM0	มะพร้าวปั่นเพิ่มบุกและไอศกรีม
33RWX	ไอศกรีมมะพร้าวอ่อนใส่แก้วเพิ่มบุก
33RWX	มะพร้าวปั่นเพิ่มบุกบราวช์
05UQ6	มะพร้าวปั่นเพิ่มไอศกรีม
YDE6P	มะพร้าวปั่นนมสด
VEI33	ไอศกรีมมะพร้าวอ่อนใส่แก้ว
VEI33	พุดดิ้งมะพร้าวน้ำหอม
6V8GC	มะพร้าวปั่นเพิ่มไอศกรีม
6V8GC	มะพร้าวปั่นนมสด
UM565	มะพร้าวปั่นเพิ่มบุกและไอศกรีม
UM565	มะพร้าวปั่นกาแฟ
UM565	มะพร้าวปั่นเพิ่มไอศกรีม
UM565	มะพร้าวปั่นโอริโอ้
7JOL5	มะพร้าวปั่นเพิ่มบุกบราวช์
2WWKS	ไอศกรีมชุดจุใจขนาด500g
4OK3U	มะพร้าวปั่นกาแฟ
4OK3U	มะพร้าวปั่นนมสด
TF4MZ	ไอศกรีมมะพร้าวอ่อนใส่แก้ว
TF4MZ	มะพร้าวปั่นนมสด
3C2LE	มะพร้าวปั่นเพิ่มบุกบราวช์
HJXMI	มะพร้าวปั่นกาแฟ
HJXMI	ไอศกรีมมะพร้าวอ่อนใส่แก้ว
GBWH7	มะพร้าวปั่นกาแฟเพิ่มบุก
Q7X5P	มะพร้าวปั่นนมสด
Y3CC7	มะพร้าวปั่นนมสด
1UNW7	มะพร้าวปั่นนมสด
1UNW7	ไอศกรีมมะพร้าวอ่อนใส่แก้ว
RQUC9	มะพร้าวปั่นเพิ่มไอศกรีม
IYEPG	ไอศกรีมมะพร้าวอ่อนใส่แก้ว
IYEPG	มะพร้าวปั่นนมสด
2WMUS	ไอศกรีมมะพร้าวอ่อนใส่แก้ว
2WMUS	พุดดิ้งมะพร้าวน้ำหอม
4C3BH	มะพร้าวปั่นเพิ่มไอศกรีม
4C3BH	ไอศกรีมชุดจุใจขนาด500g
I8TCM	ไอศกรีมมะพร้าวอ่อนใส่แก้ว
DRBY4	มะพร้าวปั่นเพิ่มไอศกรีม
DRBY4	ไอศกรีมมะพร้าวอ่อนใส่แก้ว
B9E2S	ไอศกรีมมะพร้าวอ่อนใส่แก้ว
B9E2S	มะพร้าวปั่นนมสด
KZZVR	มะพร้าวปั่นนมสด
071G4	มะพร้าวปั่นนมสด
071G4	มะพร้าวปั่นเพิ่มไอศกรีม
071G4	ไอศกรีมมะพร้าวอ่อนใส่แก้ว
D9YL0	มะพร้าวปั่นนมสด
UFR6Y	มะพร้าวปั่นนมสด
OBXAJ	น้ำมะพร้าวสดแท้100%ใส่แก้ว
OBXAJ	มะพร้าวปั่นเพิ่มบุกบราวช์
0H2OM	ไอศกรีมมะพร้าวอ่อนใส่แก้วเพิ่มบุก
0H2OM	มะพร้าวแก้ว
TQIKG	ไอศกรีมมะพร้าวอ่อนใส่แก้ว
TQIKG	มะพร้าวปั่นกาแฟ
BOZO3	มะพร้าวปั่นนมสด
EQ3DP	ไอศกรีมมะพร้าวอ่อนใส่แก้ว
BMYRN	มะพร้าวปั่นกาแฟ
BMYRN	ไอศกรีมมะพร้าวอ่อนใส่แก้ว
LC1D8	มะพร้าวปั่นนมสด
LC1D8	มะพร้าวแก้ว
9MU4R	มะพร้าวปั่นเพิ่มบุกและไอศกรีม
A2UL9	มะพร้าวปั่นเพิ่มบุกและไอศกรีม
A2UL9	น้ำมะพร้าวสดแท้100%ใส่แก้ว
Y1RO9	มะพร้าวปั่นกาแฟ
Y1RO9	ไอศกรีมมะพร้าวอ่อนใส่แก้ว
Y1RO9	น้ำมะพร้าวสดแท้100%ใส่แก้ว
X3NIA	ไอศกรีมมะพร้าวอ่อนใส่แก้ว
8RDA9	มะพร้าวปั่นนมสด
VS1P4	น้ำมะพร้าวสดแท้100%ใส่แก้ว
VS1P4	มะพร้าวปั่นนมสด
VS1P4	ไอศกรีมชุดจุใจขนาด500g
KBVBV	ไอศกรีมมะพร้าวอ่อนใส่แก้ว
KBVBV	มะพร้าวปั่นนมสด
BQD9J	น้ำมะพร้าวสดแท้100%ใส่แก้ว
BQD9J	มะพร้าวปั่นนมสด
Y4OB8	มะพร้าวปั่นเพิ่มบุกบราวช์
A7RXT	ไอศกรีมมะพร้าวอ่อนใส่แก้วเพิ่มบุก
A7RXT	มะพร้าวปั่นเพิ่มไอศกรีม
O37SV	ไอศกรีมมะพร้าวอ่อนใส่แก้ว
MQCMX	ไอศกรีมมะพร้าวอ่อนใส่แก้ว
MQCMX	มะพร้าวปั่นเพิ่มบุกและไอศกรีม
NBLOP	ไอศกรีมมะพร้าวอ่อนใส่แก้ว
XYFD5	มะพร้าวปั่นเพิ่มบุกและไอศกรีม
V6QC5	มะพร้าวปั่นเพิ่มบุกและไอศกรีม
CKQGG	มะพร้าวปั่นนมสด
CKQGG	มะพร้าวปั่นกาแฟ
27NKS	มะพร้าวปั่นโอริโอ้
8TVPC	ไอศกรีมมะพร้าวอ่อนใส่แก้ว
8TVPC	ไอศกรีมมะพร้าวอ่อนใส่แก้ว
HMRBV	ไอศกรีมมะพร้าวอ่อนใส่แก้ว
SM68X	ไอศกรีมมะพร้าวอ่อนใส่แก้ว
1J02Q	พุดดิ้งมะพร้าวน้ำหอม
1J02Q	มะพร้าวปั่นนมสด
AXIUW	น้ำมะพร้าวสดแท้100%ใส่แก้ว
AXIUW	พุดดิ้งมะพร้าวน้ำหอม
NKG1W	ไอศกรีมมะพร้าวอ่อนใส่แก้ว
NKG1W	มะพร้าวปั่นนมสด
ZMQ0I	ไอศกรีมมะพร้าวอ่อนใส่แก้ว
ZMQ0I	มะพร้าวปั่นเพิ่มไอศกรีม
S4UO1	มะพร้าวปั่นนมสด
Q7XE7	มะพร้าวปั่นนมสด
Q7XE7	น้ำมะพร้าวสดแท้100%ใส่แก้ว
ZY29J	ไอศกรีมชุดจุใจขนาด500g
P7BII	ไอศกรีมมะพร้าวอ่อนใส่แก้ว
1VRT8	มะพร้าวปั่นกาแฟ
RT9HF	มะพร้าวปั่นเพิ่มบุกและไอศกรีม
RT9HF	ไอศกรีมชุดจุใจขนาด500g
8W2J6	ไอศกรีมมะพร้าวอ่อนใส่แก้ว
F590O	ไอศกรีมมะพร้าวอ่อนใส่แก้ว
F590O	มะพร้าวปั่นเพิ่มบุกบราวช์
FK1NJ	น้ำมะพร้าวสดแท้100%ใส่แก้ว
FK1NJ	พุดดิ้งมะพร้าวน้ำหอม
2JMEB	น้ำมะพร้าวสดแท้100%ใส่แก้ว
2JMEB	ไอศกรีมชุดจุใจขนาด500g
NRBXW	น้ำมะพร้าวสดแท้100%ใส่แก้ว
NRBXW	ไอศกรีมมะพร้าวอ่อนใส่แก้ว
20DJD	ไอศกรีมมะพร้าวอ่อนใส่แก้ว
0L3OU	ไอศกรีมมะพร้าวอ่อนใส่แก้ว
JHDPD	มะพร้าวปั่นกาแฟ
JHDPD	มะพร้าวปั่นนมสด
PI07B	น้ำมะพร้าวสดแท้100%ใส่แก้ว
PI07B	ไอศกรีมมะพร้าวอ่อนใส่แก้ว
PI07B	มะพร้าวปั่นโอริโอ้
8SRVR	น้ำมะพร้าวสดแท้100%ใส่แก้ว
8SRVR	ไอศกรีมมะพร้าวอ่อนใส่แก้วเพิ่มบุก
8SRVR	มะพร้าวปั่นนมสด
4IE35	ไอศกรีมมะพร้าวอ่อนใส่แก้ว
4IE35	ไอศกรีมมะพร้าวอ่อนใส่แก้ว
4IE35	มะพร้าวปั่นเพิ่มบุกบราวช์
W1785	ไอศกรีมมะพร้าวอ่อนใส่แก้ว
W1785	น้ำมะพร้าวสดแท้100%ใส่แก้ว
W1785	พุดดิ้งมะพร้าวน้ำหอม
DCKUI	มะพร้าวปั่นเพิ่มบุกและไอศกรีม
95JHM	มะพร้าวปั่นนมสด
N1UMT	ไอศกรีมมะพร้าวอ่อนใส่แก้วเพิ่มบุก
PV5FU	มะพร้าวปั่นนมสด
PV5FU	พุดดิ้งมะพร้าวน้ำหอม
1O4VF	ไอศกรีมมะพร้าวอ่อนใส่แก้ว
4J0C8	ไอศกรีมมะพร้าวอ่อนใส่แก้ว
CXJAZ	ไอศกรีมมะพร้าวอ่อนใส่แก้วเพิ่มบุก
CXJAZ	มะพร้าวปั่นเพิ่มไอศกรีม
RO6ZL	ไอศกรีมมะพร้าวอ่อนใส่แก้ว
NFT9F	ไอศกรีมชุดจุใจขนาด500g
KB3OR	ไอศกรีมมะพร้าวอ่อนใส่แก้ว
KB3OR	มะพร้าวปั่นนมสด
KB3OR	มะพร้าวแก้ว
79II2	ไอศกรีมมะพร้าวอ่อนใส่แก้ว
79II2	มะพร้าวปั่นนมสด
VM1A1	มะพร้าวปั่นโอริโอ้
VM1A1	น้ำมะพร้าวสดแท้100%ใส่แก้ว
VM1A1	ไอศกรีมมะพร้าวอ่อนใส่แก้ว
4EW4C	ไอศกรีมมะพร้าวอ่อนใส่แก้ว
4EW4C	มะพร้าวปั่นนมสด
3B9SF	มะพร้าวปั่นนมสด
IVASF	มะพร้าวปั่นนมสด
NQ72I	มะพร้าวปั่นเพิ่มไอศกรีม
BDH1U	มะพร้าวปั่นเพิ่มบุกและไอศกรีม
DNNKV	ไอศกรีมมะพร้าวอ่อนใส่แก้ว
DNNKV	มะพร้าวปั่นเพิ่มไอศกรีม
DNNKV	พุดดิ้งมะพร้าวน้ำหอม
0APWJ	มะพร้าวปั่นโอริโอ้
0APWJ	ไอศกรีมมะพร้าวอ่อนใส่แก้ว
PDMWX	มะพร้าวปั่นกาแฟ
CTAQI	มะพร้าวปั่นกาแฟ
NV7T8	มะพร้าวปั่นนมสด
NV7T8	น้ำมะพร้าวสดแท้100%ใส่แก้ว
NV7T8	มะพร้าวปั่นเพิ่มไอศกรีม
BWZG6	มะพร้าวปั่นนมสด
BWZG6	มะพร้าวปั่นนมสด
2LB1R	มะพร้าวปั่นกาแฟ
2LB1R	มะพร้าวปั่นโอริโอ้
2LB1R	มะพร้าวปั่นเพิ่มไอศกรีม
QAA34	มะพร้าวปั่นนมสด
6LTC0	มะพร้าวปั่นนมสด
6LTC0	ไอศกรีมมะพร้าวอ่อนใส่แก้ว
T8CFN	มะพร้าวปั่นเพิ่มบุกบราวช์
N6S4T	ไอศกรีมมะพร้าวอ่อนใส่แก้ว
N6S4T	มะพร้าวปั่นนมสด
Z5EBS	มะพร้าวปั่นกาแฟ
Z5EBS	ไอศกรีมมะพร้าวอ่อนใส่แก้ว
ED0AU	มะพร้าวปั่นเพิ่มไอศกรีม
7XWP6	น้ำมะพร้าวสดแท้100%ใส่แก้ว
7XWP6	ไอศกรีมมะพร้าวอ่อนใส่แก้ว
N70XX	มะพร้าวปั่นนมสด
70EDT	ไอศกรีมมะพร้าวอ่อนใส่แก้ว
70EDT	ไอศกรีมมะพร้าวอ่อนใส่แก้ว
47G83	ไอศกรีมมะพร้าวอ่อนใส่แก้ว
47G83	มะพร้าวปั่นเพิ่มบุกบราวช์
OYB1F	ไอศกรีมมะพร้าวอ่อนใส่แก้ว
RZIHL	มะพร้าวปั่นเพิ่มไอศกรีม
RZIHL	มะพร้าวปั่นนมสด
RZIHL	มะพร้าวปั่นกาแฟ
Z83FO	ไอศกรีมมะพร้าวอ่อนใส่แก้ว
VR8F7	มะพร้าวปั่นนมสด
V71PV	มะพร้าวปั่นเพิ่มไอศกรีม
TXZEF	ไอศกรีมมะพร้าวอ่อนใส่แก้ว
TXZEF	มะพร้าวปั่นนมสด
TLOWU	ไอศกรีมมะพร้าวอ่อนใส่แก้ว
TLOWU	น้ำมะพร้าวสดแท้100%ใส่แก้ว
ZHGFE	ไอศกรีมมะพร้าวอ่อนใส่แก้ว
631L8	มะพร้าวปั่นนมสด
VQD98	มะพร้าวปั่นกาแฟ
VQD98	มะพร้าวปั่นนมสด
T19EO	มะพร้าวปั่นนมสด
W0I8O	ไอศกรีมมะพร้าวอ่อนใส่แก้ว
DMFNN	มะพร้าวปั่นนมสด
ZA91A	ไอศกรีมมะพร้าวอ่อนใส่แก้ว
P76W7	มะพร้าวปั่นนมสด
KC4WY	ไอศกรีมมะพร้าวอ่อนใส่แก้ว
0A11I	น้ำมะพร้าวสดแท้100%ใส่แก้ว
0A11I	ไอศกรีมชุดจุใจขนาด500g
CE2H3	ไอศกรีมมะพร้าวอ่อนใส่แก้ว
CE2H3	ไอศกรีมมะพร้าวอ่อนใส่แก้วเพิ่มบุก
U2G36	มะพร้าวปั่นนมสด
E1FDC	มะพร้าวปั่นนมสด
E1FDC	ไอศกรีมมะพร้าวอ่อนใส่แก้ว
JDV2E	ไอศกรีมมะพร้าวอ่อนใส่แก้ว
JDV2E	มะพร้าวปั่นนมสด
OIUA7	มะพร้าวปั่นเพิ่มบุกบราวช์
6L3SQ	ไอศกรีมมะพร้าวอ่อนใส่แก้ว
6L3SQ	มะพร้าวปั่นนมสด
ULY43	ไอศกรีมมะพร้าวอ่อนใส่แก้ว
ULY43	น้ำมะพร้าวสดแท้100%ใส่แก้ว
2O877	ไอศกรีมมะพร้าวอ่อนใส่แก้ว
2O877	มะพร้าวปั่นเพิ่มไอศกรีม
2O877	มะพร้าวปั่นนมสด
ZB5G5	มะพร้าวปั่นกาแฟ
ZB5G5	มะพร้าวปั่นเพิ่มไอศกรีม
ZB5G5	มะพร้าวปั่นนมสด
OX9SD	น้ำมะพร้าวสดแท้100%ใส่แก้ว
OX9SD	มะพร้าวปั่นนมสด
S9YBQ	ไอศกรีมมะพร้าวอ่อนใส่แก้ว
S9YBQ	ไอศกรีมมะพร้าวอ่อนใส่แก้ว
S9YBQ	น้ำมะพร้าวสดแท้100%ใส่แก้ว
S9YBQ	มะพร้าวปั่นเพิ่มบุกบราวช์
27WSH	ไอศกรีมมะพร้าวอ่อนใส่แก้ว
EZ72A	มะพร้าวปั่นเพิ่มบุกบราวช์
3XXUB	มะพร้าวปั่นเพิ่มบุกและไอศกรีม
MDHH5	มะพร้าวปั่นโอริโอ้
MDHH5	ไอศกรีมมะพร้าวอ่อนใส่แก้วเพิ่มบุก
E296F	มะพร้าวปั่นนมสด
VC34M	มะพร้าวปั่นนมสด
Q0TCN	มะพร้าวปั่นกาแฟ
Q0TCN	น้ำมะพร้าวสดแท้100%ใส่แก้ว
U657V	มะพร้าวปั่นนมสด
LY9SR	มะพร้าวปั่นเพิ่มไอศกรีม
4FAKF	ไอศกรีมมะพร้าวอ่อนใส่แก้ว
4FAKF	มะพร้าวปั่นนมสด
SFLPU	ไอศกรีมมะพร้าวอ่อนใส่แก้วเพิ่มบุก
AX1DM	มะพร้าวปั่นนมสด
30Q64	มะพร้าวปั่นกาแฟ
30Q64	มะพร้าวปั่นเพิ่มไอศกรีม
4IFJK	น้ำมะพร้าวสดแท้100%ใส่แก้ว
4IFJK	มะพร้าวปั่นนมสด
ROGI9	น้ำมะพร้าวสดแท้100%ใส่แก้ว
ROGI9	ไอศกรีมมะพร้าวอ่อนใส่แก้ว
TYTO1	มะพร้าวปั่นกาแฟ
TYTO1	มะพร้าวปั่นนมสด
NVA8T	มะพร้าวปั่นนมสด
NVA8T	มะพร้าวแก้ว
ERX2I	มะพร้าวปั่นนมสด
ERX2I	มะพร้าวปั่นเพิ่มบุกบราวช์
244C1	มะพร้าวปั่นนมสด
W6RI0	มะพร้าวปั่นโอริโอ้
W6RI0	ไอศกรีมมะพร้าวอ่อนใส่แก้ว
LK14N	ไอศกรีมมะพร้าวอ่อนใส่แก้วเพิ่มบุก
DOYQ0	ไอศกรีมมะพร้าวอ่อนใส่แก้ว
DOYQ0	น้ำมะพร้าวสดแท้100%ใส่แก้ว
P5P7P	มะพร้าวปั่นเพิ่มบุกบราวช์
K555B	มะพร้าวปั่นนมสด
WE6QR	มะพร้าวปั่นนมสด
UE2KN	มะพร้าวปั่นนมสด
0MNMH	มะพร้าวปั่นเพิ่มบุกบราวช์
32H2Z	มะพร้าวปั่นกาแฟ
32H2Z	ไอศกรีมมะพร้าวอ่อนใส่แก้ว
CP6VC	ไอศกรีมมะพร้าวอ่อนใส่แก้ว
CP6VC	มะพร้าวปั่นเพิ่มไอศกรีม
C51IB	มะพร้าวปั่นกาแฟ
C51IB	มะพร้าวปั่นนมสด
B5W25	มะพร้าวปั่นนมสด
B5W25	ไอศกรีมมะพร้าวอ่อนใส่แก้ว
BGN6W	มะพร้าวปั่นเพิ่มบุกและไอศกรีม
BGN6W	ไอศกรีมมะพร้าวอ่อนใส่แก้วเพิ่มบุก
BGN6W	มะพร้าวปั่นนมสด
BGN6W	มะพร้าวปั่นนมสด
U9FA0	ไอศกรีมมะพร้าวอ่อนใส่แก้ว
K1V5I	ไอศกรีมมะพร้าวอ่อนใส่แก้ว
DCKO8	ไอศกรีมมะพร้าวอ่อนใส่แก้ว
7AMPP	มะพร้าวปั่นนมสด
32MLH	น้ำมะพร้าวสดแท้100%ใส่แก้ว
32MLH	มะพร้าวปั่นนมสด
UE463	ไอศกรีมมะพร้าวอ่อนใส่แก้ว
F70T7	มะพร้าวปั่นเพิ่มบุกและไอศกรีม
TJLZ4	ไอศกรีมมะพร้าวอ่อนใส่แก้วเพิ่มบุก
2WU4W	ไอศกรีมมะพร้าวอ่อนใส่แก้ว
2WU4W	มะพร้าวปั่นเพิ่มไอศกรีม
8VOX3	ไอศกรีมชุดจุใจขนาด500g
8VOX3	น้ำมะพร้าวสดแท้100%ใส่แก้ว
5F071	มะพร้าวปั่นเพิ่มบุกบราวช์
5F071	มะพร้าวปั่นเพิ่มบุกและไอศกรีม
5F071	มะพร้าวปั่นโอริโอ้
YDYCR	มะพร้าวปั่นเพิ่มบุกบราวช์
YDYCR	มะพร้าวปั่นกาแฟ
YDYCR	ไอศกรีมมะพร้าวอ่อนใส่แก้ว
YDYCR	ไอศกรีมมะพร้าวอ่อนใส่แก้วเพิ่มบุก
YDYCR	น้ำมะพร้าวสดแท้100%ใส่แก้ว
CMZ47	มะพร้าวปั่นนมสด
CMZ47	ไอศกรีมมะพร้าวอ่อนใส่แก้วเพิ่มบุก
CMZ47	มะพร้าวปั่นโอริโอ้
ITAEZ	ไอศกรีมมะพร้าวอ่อนใส่แก้ว
ITAEZ	น้ำมะพร้าวสดแท้100%ใส่แก้ว
YNAUL	น้ำมะพร้าวสดแท้100%ใส่แก้ว
MYG39	น้ำมะพร้าวสดแท้100%ใส่แก้ว
UL9LN	มะพร้าวปั่นโอริโอ้
UL9LN	น้ำมะพร้าวสดแท้100%ใส่แก้ว
UL9LN	มะพร้าวปั่นกาแฟ
UL9LN	มะพร้าวปั่นเพิ่มบุกและไอศกรีม
UL9LN	มะพร้าวปั่นเพิ่มไอศกรีม
UL9LN	มะพร้าวปั่นนมสด
79VZF	มะพร้าวปั่นนมสด
I7PLL	มะพร้าวปั่นเพิ่มบุกและไอศกรีม
65TCH	มะพร้าวปั่นโอริโอ้เพิ่มบุก
65TCH	ไอศกรีมมะพร้าวอ่อนใส่แก้ว
PU3DU	ไอศกรีมมะพร้าวอ่อนใส่แก้วเพิ่มบุก
PU3DU	ไอศกรีมมะพร้าวอ่อน
PU3DU	ไอศกรีมมะพร้าวอ่อนใส่แก้ว
PU3DU	ไอศกรีมชุดจุใจขนาด500g
30WRE	ไอศกรีมมะพร้าวอ่อนใส่แก้วเพิ่มบุก
7KS1P	ไอศกรีมมะพร้าวอ่อน
A01KQ	มะพร้าวปั่นนมสด
RRPQ0	มะพร้าวปั่นนมสด
RRPQ0	มะพร้าวปั่นเพิ่มไอศกรีม
RRPQ0	มะพร้าวปั่นเพิ่มบุกบราวช์
RRPQ0	มะพร้าวปั่นเพิ่มบุกและไอศกรีม
7GMTY	มะพร้าวปั่นเพิ่มบุกบราวช์
RZ25P	มะพร้าวปั่นนมสด
T136I	มะพร้าวปั่นนมสด
6O68O	มะพร้าวปั่นนมสด
W7MNQ	มะพร้าวปั่นนมสด
W7MNQ	มะพร้าวปั่นกาแฟ
MGC81	ไอศกรีมมะพร้าวอ่อนใส่แก้ว
LDZO7	น้ำมะพร้าวสดแท้100%ใส่แก้ว
98FGI	มะพร้าวปั่นนมสด
TNFFY	มะพร้าวปั่นนมสด
Y532A	มะพร้าวปั่นเพิ่มไอศกรีม
YQLDE	มะพร้าวปั่นนมสด
49I7J	น้ำมะพร้าวสดแท้100%ใส่แก้ว
49I7J	ไอศกรีมมะพร้าวอ่อนใส่แก้ว
T4QD0	ไอศกรีมมะพร้าวอ่อน
ZR25A	มะพร้าวปั่นนมสด
FREXM	มะพร้าวปั่นนมสด
N17C4	มะพร้าวปั่นนมสด
N17C4	น้ำมะพร้าวสดแท้100%ใส่แก้ว
L7HYG	มะพร้าวปั่นเพิ่มบุกบราวช์
OJ9BK	ไอศกรีมมะพร้าวอ่อนใส่แก้ว
CGCCW	น้ำมะพร้าวสดแท้100%ใส่แก้ว
465FD	มะพร้าวปั่นนมสด
9IDSL	ไอศกรีมมะพร้าวอ่อนใส่แก้ว
P1LEP	มะพร้าวปั่นเพิ่มบุกบราวช์
LMKJA	ไอศกรีมมะพร้าวอ่อนใส่แก้ว
HD3U7	ไอศกรีมมะพร้าวอ่อนใส่แก้ว
HD3U7	มะพร้าวปั่นนมสด
4JZXJ	มะพร้าวปั่นโอริโอ้
EI0I4	มะพร้าวปั่นเพิ่มบุกและไอศกรีม
ZDP8M	มะพร้าวปั่นนมสด
KALPM	มะพร้าวปั่นนมสด
T1KNQ	มะพร้าวปั่นนมสด
T1KNQ	ไอศกรีมมะพร้าวอ่อนใส่แก้ว
LGX27	มะพร้าวปั่นนมสด
LGX27	น้ำมะพร้าวสดแท้100%ใส่แก้ว
9ESEM	มะพร้าวปั่นกาแฟ
9ESEM	พุดดิ้งมะพร้าวน้ำหอม
9ESEM	มะพร้าวปั่นโอริโอ้
9ESEM	ไอศกรีมมะพร้าวอ่อน
9ESEM	น้ำมะพร้าวสดแท้100%ใส่แก้ว
7Q11L	น้ำมะพร้าวสดแท้100%ใส่แก้ว
O8G7K	มะพร้าวปั่นนมสด
69JZB	มะพร้าวปั่นนมสด
69JZB	ไอศกรีมมะพร้าวอ่อนใส่แก้ว
4SE25	ไอศกรีมมะพร้าวอ่อน
CL54C	มะพร้าวปั่นนมสด
2TD5Z	มะพร้าวปั่นนมสด
NHM90	ไอศกรีมมะพร้าวอ่อน
TYU7S	มะพร้าวปั่นนมสด
BT73H	มะพร้าวปั่นเพิ่มบุกบราวช์
MBDKC	ไอศกรีมมะพร้าวอ่อน
TPQIL	น้ำมะพร้าวสดแท้100%ใส่แก้ว
MPMN8	น้ำมะพร้าวสดแท้100%ใส่แก้ว
CCYU2	มะพร้าวปั่นนมสด
QCWMO	มะพร้าวปั่นนมสด
QCWMO	น้ำมะพร้าวสดแท้100%ใส่แก้ว
D4690	ไอศกรีมมะพร้าวอ่อนใส่แก้ว
JF22V	มะพร้าวปั่นเพิ่มไอศกรีม
2XW01	มะพร้าวปั่นนมสด
2XW01	มะพร้าวปั่นเพิ่มบุกบราวช์
3WR9C	ไอศกรีมมะพร้าวอ่อนใส่แก้ว
FM18K	ไอศกรีมมะพร้าวอ่อนใส่แก้ว
FERME	ไอศกรีมมะพร้าวอ่อนใส่แก้ว
8BERF	ไอศกรีมมะพร้าวอ่อน
8BERF	มะพร้าวปั่นนมสด
89SZS	มะพร้าวปั่นนมสด
89SZS	ไอศกรีมมะพร้าวอ่อนใส่แก้ว
8K9MQ	น้ำมะพร้าวสดแท้100%ใส่แก้ว
MONKJ	มะพร้าวปั่นนมสด
XGRAE	มะพร้าวปั่นนมสด
0FNBN	ไอศกรีมมะพร้าวอ่อนใส่แก้ว
35J0V	ไอศกรีมมะพร้าวอ่อนใส่แก้ว
35J0V	มะพร้าวปั่นเพิ่มไอศกรีม
CGBML	มะพร้าวปั่นเพิ่มไอศกรีม
FW11T	พุดดิ้งมะพร้าวน้ำหอม
FW11T	ไอศกรีมมะพร้าวอ่อนใส่แก้ว
HTEPG	มะพร้าวปั่นนมสด
HTEPG	มะพร้าวปั่นเพิ่มไอศกรีม
LE1UO	ไอศกรีมมะพร้าวอ่อนใส่แก้ว
YI2M2	มะพร้าวปั่นนมสด
HP9EA	มะพร้าวปั่นนมสด
D201H	มะพร้าวปั่นนมสด
Z0NM0	มะพร้าวปั่นเพิ่มไอศกรีม
PCQSJ	มะพร้าวปั่นเพิ่มบุกและไอศกรีม
12F7S	มะพร้าวปั่นนมสด
BZ00S	มะพร้าวปั่นนมสด
JIMSG	ไอศกรีมมะพร้าวอ่อนใส่แก้ว
DTXG2	ไอศกรีมมะพร้าวอ่อน
RN0CZ	มะพร้าวปั่นนมสด
7NBWT	มะพร้าวปั่นเพิ่มบุกและไอศกรีม
RH47V	น้ำมะพร้าวสดแท้100%ใส่แก้ว
76826	ไอศกรีมมะพร้าวอ่อนใส่แก้ว
U1LS8	ไอศกรีมมะพร้าวอ่อนใส่แก้ว
8HKGP	มะพร้าวปั่นนมสด
ABT02	น้ำมะพร้าวสดแท้100%ใส่แก้ว
ABT02	มะพร้าวปั่นเพิ่มบุกและไอศกรีม
96BZ4	ไอศกรีมมะพร้าวอ่อน
412ER	มะพร้าวปั่นนมสด
412ER	ไอศกรีมมะพร้าวอ่อนใส่แก้ว
HEP1K	มะพร้าวปั่นเพิ่มไอศกรีม
HMO7I	มะพร้าวปั่นนมสด
V8SUE	มะพร้าวปั่นเพิ่มบุกบราวช์
7T68H	มะพร้าวปั่นนมสด
7T68H	ไอศกรีมมะพร้าวอ่อนใส่แก้ว
7D1UW	มะพร้าวปั่นนมสด
9VG5R	ไอศกรีมมะพร้าวอ่อนใส่แก้ว
N2B3L	ไอศกรีมมะพร้าวอ่อนใส่แก้ว
ZQF8O	มะพร้าวปั่นนมสด
2T3SG	ไอศกรีมมะพร้าวอ่อน
9XXCH	ไอศกรีมมะพร้าวอ่อนใส่แก้ว
66PV0	มะพร้าวปั่นเพิ่มบุกบราวช์
1CJJH	มะพร้าวปั่นนมสด
514TL	ไอศกรีมมะพร้าวอ่อน
C5INX	ไอศกรีมมะพร้าวอ่อนใส่แก้ว
C5INX	พุดดิ้งมะพร้าวน้ำหอม
C5INX	น้ำมะพร้าวสดแท้100%ใส่แก้ว
AK2VC	ไอศกรีมมะพร้าวอ่อนใส่แก้ว
NEYLX	ไอศกรีมมะพร้าวอ่อน
NEYLX	มะพร้าวปั่นนมสด
LPDED	มะพร้าวปั่นนมสด
MS4VV	ไอศกรีมมะพร้าวอ่อนใส่แก้ว
MS4VV	น้ำมะพร้าวสดแท้100%ใส่แก้ว
PERYE	ไอศกรีมมะพร้าวอ่อนใส่แก้ว
626IX	พุดดิ้งมะพร้าวน้ำหอม
HG5LC	ไอศกรีมมะพร้าวอ่อน
4JCGE	ไอศกรีมมะพร้าวอ่อน
WKW5V	มะพร้าวปั่นนมสด
FLLFR	มะพร้าวปั่นนมสด
XK8PA	ไอศกรีมมะพร้าวอ่อนใส่แก้ว
P9H7L	มะพร้าวปั่นนมสด
17BMB	มะพร้าวปั่นนมสด
C0BPI	มะพร้าวปั่นนมสด
ETUDB	มะพร้าวปั่นนมสด
6Y397	น้ำมะพร้าวสดแท้100%ใส่แก้ว
9RVAG	ไอศกรีมมะพร้าวอ่อน
WKJKE	พุดดิ้งมะพร้าวน้ำหอม
4I0EG	ไอศกรีมมะพร้าวอ่อนใส่แก้ว
4I0EG	มะพร้าวปั่นเพิ่มบุกและไอศกรีม
PZQ0Q	ไอศกรีมมะพร้าวอ่อน
PZQ0Q	มะพร้าวปั่นนมสด
I07EF	มะพร้าวปั่นนมสด
8L7D5	มะพร้าวปั่นนมสด
RM4GU	ไอศกรีมมะพร้าวอ่อนใส่แก้ว
5HDG2	มะพร้าวปั่นเพิ่มบุกและไอศกรีม
PLT2L	มะพร้าวปั่นนมสด
2YPKU	น้ำมะพร้าวสดแท้100%ใส่แก้ว
O7HJO	ไอศกรีมมะพร้าวอ่อน
OK7E3	ไอศกรีมมะพร้าวอ่อนใส่แก้ว
7GW5C	มะพร้าวปั่นนมสด
7GW5C	ไอศกรีมมะพร้าวอ่อน
T4FHS	ไอศกรีมมะพร้าวอ่อน
Y0F6Y	ไอศกรีมมะพร้าวอ่อน
TQNWZ	มะพร้าวปั่นนมสด
XCPM9	มะพร้าวปั่นนมสด
XCPM9	มะพร้าวปั่นนมสด
1P550	มะพร้าวปั่นกาแฟ
1P550	มะพร้าวปั่นเพิ่มไอศกรีม
2IONK	มะพร้าวปั่นเพิ่มบุกบราวช์
2IONK	มะพร้าวปั่นนมสด
PS92R	มะพร้าวปั่นนมสด
CC2MB	มะพร้าวปั่นนมสด
ERH77	มะพร้าวปั่นนมสด
Q3A3V	ไอศกรีมมะพร้าวอ่อน
Q3A3V	น้ำมะพร้าวสดแท้100%ใส่แก้ว
Q3A3V	ไอศกรีมมะพร้าวอ่อนใส่แก้ว
YKVL6	ไอศกรีมมะพร้าวอ่อน
23LQY	มะพร้าวปั่นโอริโอ้
TZ7KM	มะพร้าวปั่นนมสด
TZ7KM	มะพร้าวปั่นเพิ่มไอศกรีม
TZ7KM	น้ำมะพร้าวสดแท้100%ใส่แก้ว
WOU26	มะพร้าวปั่นเพิ่มบุกบราวช์
VQXBH	น้ำมะพร้าวสดแท้100%ใส่แก้ว
XDAZM	ไอศกรีมมะพร้าวอ่อนใส่แก้ว
TS5OU	มะพร้าวปั่นเพิ่มบุกบราวช์
ILX0G	มะพร้าวปั่นนมสด
3RKYL	มะพร้าวปั่นกาแฟ
XXMXM	มะพร้าวปั่นเพิ่มไอศกรีม
502N5	มะพร้าวแก้ว
X69BN	ไอศกรีมมะพร้าวอ่อนใส่แก้ว
X69BN	มะพร้าวปั่นนมสด
HTF1U	ไอศกรีมมะพร้าวอ่อน
PHEDQ	มะพร้าวปั่นนมสด
QE92V	มะพร้าวปั่นนมสด
S2XNX	ไอศกรีมมะพร้าวอ่อนใส่แก้ว
ZKKM4	มะพร้าวปั่นนมสด
8TD95	มะพร้าวปั่นนมสด
QNPW6	ไอศกรีมมะพร้าวอ่อนใส่แก้ว
ZDLR6	มะพร้าวแก้ว
ZDLR6	ไอศกรีมมะพร้าวอ่อนใส่แก้ว
ZDLR6	น้ำมะพร้าวสดแท้100%ใส่แก้ว
ZDLR6	มะพร้าวปั่นนมสด
QXCXT	ไอศกรีมมะพร้าวอ่อนใส่แก้ว
RXWGJ	มะพร้าวปั่นนมสด
1WPIL	พุดดิ้งมะพร้าวน้ำหอม
XKDQX	ไอศกรีมมะพร้าวอ่อนใส่แก้ว
5MQZ2	มะพร้าวปั่นนมสด
YFMPL	มะพร้าวปั่นนมสด
I1RHM	ไอศกรีมมะพร้าวอ่อนใส่แก้ว
36N2G	มะพร้าวปั่นนมสด
WWOFV	ไอศกรีมมะพร้าวอ่อนใส่แก้ว
WWOFV	มะพร้าวปั่นนมสด
F00PT	มะพร้าวปั่นกาแฟ
F00PT	ไอศกรีมมะพร้าวอ่อน
GK05J	มะพร้าวปั่นนมสด
2YGGZ	มะพร้าวปั่นนมสด
B94LC	ไอศกรีมมะพร้าวอ่อนใส่แก้ว
4776R	มะพร้าวปั่นนมสด
YGP00	ไอศกรีมมะพร้าวอ่อน
OHLJ7	มะพร้าวปั่นนมสด
J276B	มะพร้าวปั่นนมสด
J276B	ไอศกรีมมะพร้าวอ่อน
RZPL4	มะพร้าวปั่นนมสด
I01EX	มะพร้าวปั่นนมสด
I01EX	ไอศกรีมมะพร้าวอ่อนใส่แก้ว
I01EX	น้ำมะพร้าวสดแท้100%ใส่แก้ว
7OZ5J	น้ำมะพร้าวสดแท้100%ใส่แก้ว
2QQQ7	มะพร้าวปั่นเพิ่มไอศกรีม
2QQQ7	ไอศกรีมมะพร้าวอ่อนใส่แก้ว
1RZA3	มะพร้าวปั่นเพิ่มบุกและไอศกรีม
1RZA3	มะพร้าวปั่นกาแฟ
WL19K	มะพร้าวปั่นเพิ่มบุกบราวช์
KNG24	ไอศกรีมมะพร้าวอ่อนใส่แก้ว
KNG24	มะพร้าวปั่นนมสด
CFNZV	มะพร้าวปั่นเพิ่มบุกบราวช์
M543G	ไอศกรีมมะพร้าวอ่อน
939VN	มะพร้าวปั่นนมสด
O9474	น้ำมะพร้าวสดแท้100%ใส่แก้ว
O9474	ไอศกรีมมะพร้าวอ่อน
IPSW7	น้ำมะพร้าวสดแท้100%ใส่แก้ว
96TPF	ไอศกรีมมะพร้าวอ่อน
VZOVK	ไอศกรีมมะพร้าวอ่อนใส่แก้ว
W3G2R	มะพร้าวปั่นนมสด
3VTMP	ไอศกรีมมะพร้าวอ่อน
KT195	มะพร้าวปั่นนมสด
KT195	มะพร้าวแก้ว
KT195	ไอศกรีมมะพร้าวอ่อนใส่แก้ว
SX9K5	มะพร้าวปั่นนมสด
N83XM	มะพร้าวแก้ว
N83XM	ไอศกรีมมะพร้าวอ่อน
N83XM	พุดดิ้งมะพร้าวน้ำหอม
FIZB4	มะพร้าวปั่นนมสด
2THQR	ไอศกรีมมะพร้าวอ่อนใส่แก้ว
2THQR	มะพร้าวแก้ว
HARNL	ไอศกรีมมะพร้าวอ่อนใส่แก้ว
JHWGI	มะพร้าวปั่นนมสด
ZVHDW	น้ำมะพร้าวสดแท้100%ใส่แก้ว
ZVHDW	ไอศกรีมมะพร้าวอ่อน
ZVHDW	มะพร้าวแก้ว
ZVHDW	มะพร้าวปั่นนมสด
IQ96I	มะพร้าวปั่นเพิ่มไอศกรีม
IQ96I	ไอศกรีมมะพร้าวอ่อนใส่แก้ว
1AEN3	ไอศกรีมมะพร้าวอ่อนใส่แก้ว
I83GF	ไอศกรีมมะพร้าวอ่อน
ZRWTG	มะพร้าวปั่นนมสด
3DC3U	มะพร้าวปั่นกาแฟ
3DC3U	มะพร้าวปั่นนมสด
GAN8P	ไอศกรีมมะพร้าวอ่อน
HAXPI	ไอศกรีมมะพร้าวอ่อนใส่แก้ว
HAXPI	มะพร้าวปั่นโอริโอ้
HAXPI	มะพร้าวปั่นนมสด
S1UNS	ไอศกรีมมะพร้าวอ่อนใส่แก้ว
O9HWP	ไอศกรีมมะพร้าวอ่อนใส่แก้ว
3C9HV	มะพร้าวแก้ว
XYL6Q	ไอศกรีมมะพร้าวอ่อน
5L0NX	มะพร้าวปั่นนมสด
1LWIF	มะพร้าวปั่นนมสด
4M8QG	มะพร้าวปั่นนมสด
4M8QG	ไอศกรีมมะพร้าวอ่อน
WXC5V	ไอศกรีมมะพร้าวอ่อนใส่แก้ว
ZFGTX	มะพร้าวแก้ว
LQOA8	มะพร้าวปั่นนมสด
EZPOC	ไอศกรีมมะพร้าวอ่อน
GGEVX	มะพร้าวปั่นนมสด
EVF8W	มะพร้าวปั่นนมสด
EVF8W	น้ำมะพร้าวสดแท้100%ใส่แก้ว
7SWXQ	ไอศกรีมมะพร้าวอ่อนใส่แก้ว
AA32I	มะพร้าวปั่นเพิ่มบุกบราวช์
AA32I	มะพร้าวปั่นนมสด
YRPKY	ไอศกรีมมะพร้าวอ่อนใส่แก้ว
JHNLR	มะพร้าวปั่นนมสด
0NUGQ	มะพร้าวปั่นนมสด
0NUGQ	มะพร้าวปั่นเพิ่มบุกบราวช์
8JZ17	มะพร้าวปั่นกาแฟ
8JZ17	มะพร้าวปั่นนมสด
CVVX4	มะพร้าวปั่นโอริโอ้
LZC50	ไอศกรีมมะพร้าวอ่อนใส่แก้ว
IFJBL	มะพร้าวปั่นกาแฟ
E44VD	มะพร้าวปั่นนมสด
LUNI5	มะพร้าวปั่นนมสด
Q1724	ไอศกรีมมะพร้าวอ่อนใส่แก้ว
AEOQ9	มะพร้าวปั่นนมสด
AEOQ9	ไอศกรีมมะพร้าวอ่อนใส่แก้ว
H6XBJ	น้ำมะพร้าวสดแท้100%ใส่แก้ว
YVD02	มะพร้าวปั่นนมสด
YVD02	น้ำมะพร้าวสดแท้100%ใส่แก้ว
NZYMG	มะพร้าวปั่นนมสด
NZYMG	ไอศกรีมมะพร้าวอ่อนใส่แก้ว
NZYMG	มะพร้าวปั่นกาแฟ
N8L1K	มะพร้าวปั่นนมสด
Y0VOD	มะพร้าวปั่นนมสด
CNUMI	มะพร้าวปั่นเพิ่มไอศกรีม
Z40I5	มะพร้าวปั่นนมสด
SIKGJ	ไอศกรีมมะพร้าวอ่อนใส่แก้ว
UV14O	มะพร้าวปั่นนมสด
YBEBU	มะพร้าวปั่นนมสด
7787J	มะพร้าวปั่นนมสด
7787J	มะพร้าวปั่นกาแฟ
K7YFH	มะพร้าวปั่นนมสด
LRMZB	ไอศกรีมมะพร้าวอ่อน
26FBX	มะพร้าวปั่นนมสด
UBUMZ	มะพร้าวปั่นนมสด
IWNSW	มะพร้าวปั่นนมสด
IUIV3	ไอศกรีมมะพร้าวอ่อน
LP8QB	มะพร้าวปั่นนมสด
UHYT6	น้ำมะพร้าวสดแท้100%ใส่แก้ว
EC8G0	มะพร้าวปั่นนมสด
GU1KH	มะพร้าวปั่นนมสด
2T8UA	ไอศกรีมมะพร้าวอ่อน
FLS0X	มะพร้าวปั่นเพิ่มบุกบราวช์
F8VQE	น้ำมะพร้าวสดแท้100%ใส่แก้ว
HFS5J	ไอศกรีมมะพร้าวอ่อนใส่แก้ว
088D7	น้ำมะพร้าวสดแท้100%ใส่แก้ว
00C71	มะพร้าวปั่นนมสด
4VCNE	น้ำมะพร้าวสดแท้100%ใส่แก้ว
KXT4Z	มะพร้าวปั่นเพิ่มไอศกรีม
5L4UM	ไอศกรีมมะพร้าวอ่อนใส่แก้ว
TIB1L	มะพร้าวปั่นนมสด
8HCVJ	มะพร้าวปั่นนมสด
HGWGW	มะพร้าวปั่นนมสด
HGWGW	มะพร้าวปั่นโอริโอ้
DX89O	ไอศกรีมมะพร้าวอ่อน
MMSD3	มะพร้าวปั่นนมสด
MMSD3	น้ำมะพร้าวสดแท้100%ใส่แก้ว
JPVPI	มะพร้าวปั่นนมสด
U4QWA	ไอศกรีมมะพร้าวอ่อนใส่แก้ว
5PBPR	มะพร้าวปั่นนมสด
0GP5Y	มะพร้าวปั่นโอริโอ้
U6CLX	มะพร้าวปั่นนมสด
0NHSG	มะพร้าวปั่นนมสด
IQA78	น้ำมะพร้าวสดแท้100%ใส่แก้ว
GDQRL	มะพร้าวปั่นเพิ่มไอศกรีม
YIYDJ	ไอศกรีมมะพร้าวอ่อนใส่แก้วเพิ่มบุก
FNXCX	มะพร้าวปั่นกาแฟเพิ่มบุก
FNXCX	มะพร้าวปั่นเพิ่มบุกบราวช์
61T3U	พุดดิ้งมะพร้าวน้ำหอม
61T3U	มะพร้าวปั่นเพิ่มไอศกรีม
61T3U	มะพร้าวปั่นนมสด
QQM7H	มะพร้าวปั่นนมสด
1OT64	ไอศกรีมมะพร้าวอ่อนใส่แก้ว
38VLK	มะพร้าวปั่นนมสด
38VLK	มะพร้าวปั่นนมสด
87JJT	มะพร้าวแก้ว
87JJT	มะพร้าวปั่นนมสด
87JJT	ไอศกรีมมะพร้าวอ่อนใส่แก้ว
EZ10W	มะพร้าวปั่นเพิ่มไอศกรีม
EZ10W	มะพร้าวปั่นนมสด
EZ10W	ไอศกรีมมะพร้าวอ่อนใส่แก้ว
KA2E4	มะพร้าวปั่นนมสด
YG1GQ	ไอศกรีมมะพร้าวอ่อน
BSGG9	มะพร้าวปั่นนมสด
RREQH	มะพร้าวปั่นนมสด
CYOSQ	ไอศกรีมมะพร้าวอ่อนใส่แก้ว
3TM06	มะพร้าวปั่นนมสด
FT2YG	มะพร้าวปั่นกาแฟ
86JX0	ไอศกรีมมะพร้าวอ่อนใส่แก้ว
WUV26	มะพร้าวปั่นนมสด
K5SJW	มะพร้าวปั่นนมสด
IZXP3	พุดดิ้งมะพร้าวน้ำหอม
IZXP3	ไอศกรีมมะพร้าวอ่อนใส่แก้วเพิ่มบุก
COUUT	ไอศกรีมมะพร้าวอ่อน
COUUT	มะพร้าวปั่นนมสด
5G4UY	ไอศกรีมมะพร้าวอ่อน
NFQEP	มะพร้าวปั่นนมสด
1YTB2	มะพร้าวปั่นนมสด
9JLRN	ไอศกรีมมะพร้าวอ่อนใส่แก้ว
9JLRN	มะพร้าวปั่นนมสด
U5N5V	ไอศกรีมมะพร้าวอ่อน
4MT81	ไอศกรีมมะพร้าวอ่อนใส่แก้วเพิ่มบุก
4MT81	ไอศกรีมมะพร้าวอ่อน
I28VV	มะพร้าวปั่นนมสด
FIDKG	มะพร้าวปั่นนมสด
AF4FC	ไอศกรีมมะพร้าวอ่อนใส่แก้ว
AF4FC	มะพร้าวปั่นนมสด
RU5FR	ไอศกรีมมะพร้าวอ่อน
89WA3	มะพร้าวปั่นนมสด
89WA3	มะพร้าวแก้ว
Z240A	มะพร้าวปั่นนมสด
32OQB	มะพร้าวปั่นนมสด
32OQB	มะพร้าวแก้ว
3J2KB	น้ำมะพร้าวสดแท้100%ใส่แก้ว
IX42I	มะพร้าวปั่นนมสด
MYDMC	มะพร้าวปั่นนมสด
YE1KZ	น้ำมะพร้าวสดแท้100%ใส่แก้ว
YE1KZ	ไอศกรีมมะพร้าวอ่อนใส่แก้ว
C1C8L	ไอศกรีมมะพร้าวอ่อนใส่แก้ว
C1C8L	น้ำมะพร้าวสดแท้100%ใส่แก้ว
YR4UZ	มะพร้าวปั่นนมสด
WL8LO	มะพร้าวปั่นเพิ่มไอศกรีม
2BQZR	ไอศกรีมมะพร้าวอ่อน
4FDRW	มะพร้าวปั่นนมสด
D14LM	มะพร้าวปั่นนมสด
45AYQ	มะพร้าวปั่นนมสด
45AYQ	ไอศกรีมมะพร้าวอ่อน
QOWOW	มะพร้าวปั่นนมสด
PXS99	มะพร้าวปั่นนมสด
AJEZL	มะพร้าวปั่นนมสด
WHBZ0	มะพร้าวปั่นนมสด
XS8WJ	พุดดิ้งมะพร้าวน้ำหอม
XS8WJ	มะพร้าวปั่นนมสด
XS8WJ	ไอศกรีมมะพร้าวอ่อนใส่แก้ว
0DXHM	มะพร้าวปั่นนมสด
46QYY	มะพร้าวปั่นนมสด
S34O9	มะพร้าวปั่นนมสด
S34O9	มะพร้าวปั่นนมสด
FIE8U	ไอศกรีมมะพร้าวอ่อนใส่แก้ว
UC9AH	มะพร้าวปั่นนมสด
CVQLV	มะพร้าวปั่นนมสด
2E6R2	มะพร้าวปั่นนมสด
GJ5J9	มะพร้าวปั่นนมสด
INZ3F	มะพร้าวปั่นนมสด
03YHQ	ไอศกรีมมะพร้าวอ่อนใส่แก้ว
03YHQ	มะพร้าวปั่นเพิ่มบุกบราวช์
6FA1N	ไอศกรีมมะพร้าวอ่อน
KTWDR	ไอศกรีมมะพร้าวอ่อนใส่แก้ว
KTWDR	พุดดิ้งมะพร้าวน้ำหอม
F712R	มะพร้าวปั่นนมสด
37PL2	ไอศกรีมมะพร้าวอ่อน
37PL2	น้ำมะพร้าวสดแท้100%ใส่แก้ว
37PL2	มะพร้าวปั่นนมสด
37PL2	มะพร้าวปั่นนมสด
KRUFC	มะพร้าวแก้ว
NXU7P	ไอศกรีมมะพร้าวอ่อนใส่แก้ว
FA9T6	มะพร้าวปั่นนมสด
CM98O	ไอศกรีมมะพร้าวอ่อนใส่แก้ว
UDA3E	มะพร้าวปั่นนมสด
UDA3E	มะพร้าวปั่นนมสด
AN3OW	มะพร้าวปั่นนมสด
AN3OW	มะพร้าวปั่นนมสด
BXVU1	ไอศกรีมมะพร้าวอ่อนใส่แก้ว
BXVU1	มะพร้าวปั่นกาแฟ
BXVU1	น้ำมะพร้าวสดแท้100%ใส่แก้ว
RWQK4	มะพร้าวปั่นโอริโอ้
O715H	ไอศกรีมมะพร้าวอ่อน
993U9	มะพร้าวปั่นนมสด
H6NYB	น้ำมะพร้าวสดแท้100%ใส่แก้ว
H6NYB	ไอศกรีมชุดจุใจขนาด500g
GJYLP	น้ำมะพร้าวสดแท้100%ใส่แก้ว
U7UHD	น้ำมะพร้าวสดแท้100%ใส่แก้ว
85HSR	ไอศกรีมมะพร้าวอ่อน
8V8AL	ไอศกรีมมะพร้าวอ่อนใส่แก้ว
8V8AL	มะพร้าวปั่นกาแฟ
Z1T3K	มะพร้าวปั่นกาแฟ
4D95A	มะพร้าวปั่นนมสด
4D95A	มะพร้าวแก้ว
4D95A	ไอศกรีมมะพร้าวอ่อน
MLO20	ไอศกรีมมะพร้าวอ่อนใส่แก้ว
4GI0Y	มะพร้าวปั่นนมสด
4GI0Y	มะพร้าวแก้ว
SZWK4	มะพร้าวปั่นนมสด
SZWK4	มะพร้าวปั่นนมสด
4L2Q6	มะพร้าวปั่นนมสด
GIVE5	ไอศกรีมมะพร้าวอ่อนใส่แก้ว
ZG8Z2	มะพร้าวปั่นนมสด
WJ1C3	ไอศกรีมมะพร้าวอ่อน
WJ1C3	มะพร้าวปั่นนมสด
82141	น้ำมะพร้าวสดแท้100%ใส่แก้ว
82141	ไอศกรีมมะพร้าวอ่อนใส่แก้ว
82141	มะพร้าวปั่นนมสด
MGSE4	มะพร้าวปั่นนมสด
8DCS8	มะพร้าวปั่นนมสด
5TN7Y	ไอศกรีมมะพร้าวอ่อนใส่แก้ว
KNQDD	น้ำมะพร้าวสดแท้100%ใส่แก้ว
D7L7K	ไอศกรีมมะพร้าวอ่อนใส่แก้ว
37WVI	ไอศกรีมมะพร้าวอ่อนใส่แก้ว
37WVI	มะพร้าวปั่นนมสด
JQZLX	มะพร้าวปั่นเพิ่มไอศกรีม
JQZLX	ไอศกรีมมะพร้าวอ่อนใส่แก้ว
X1V1S	มะพร้าวปั่นนมสด
81V0Z	ไอศกรีมมะพร้าวอ่อน
B1ADR	ไอศกรีมมะพร้าวอ่อน
B1ADR	ไอศกรีมมะพร้าวอ่อนใส่แก้ว
B1ADR	มะพร้าวปั่นนมสด
3DHUA	มะพร้าวปั่นนมสด
X0OF6	มะพร้าวปั่นนมสด
6532V	มะพร้าวปั่นนมสด
45WIC	ไอศกรีมมะพร้าวอ่อน
45WIC	มะพร้าวปั่นโอริโอ้
62YGW	มะพร้าวปั่นเพิ่มบุกและไอศกรีม
62YGW	ไอศกรีมมะพร้าวอ่อนใส่แก้ว
64QHE	ไอศกรีมมะพร้าวอ่อนใส่แก้ว
8IQCO	ไอศกรีมมะพร้าวอ่อน
984W8	มะพร้าวปั่นนมสด
VIDL0	มะพร้าวปั่นนมสด
VIDL0	ไอศกรีมมะพร้าวอ่อนใส่แก้ว
1KZT1	มะพร้าวปั่นนมสด
1KZT1	น้ำมะพร้าวสดแท้100%ใส่แก้ว
C25SZ	ไอศกรีมมะพร้าวอ่อนใส่แก้ว
C25SZ	มะพร้าวปั่นนมสด
N26KR	มะพร้าวปั่นนมสด
9X37B	มะพร้าวปั่นนมสด
N38GT	มะพร้าวปั่นเพิ่มไอศกรีม
N38GT	มะพร้าวปั่นนมสด
N38GT	ไอศกรีมมะพร้าวอ่อนใส่แก้วเพิ่มบุก
81Z7R	ไอศกรีมมะพร้าวอ่อน
81Z7R	มะพร้าวปั่นนมสด
TLPP7	มะพร้าวปั่นเพิ่มไอศกรีม
W7ICA	มะพร้าวปั่นเพิ่มไอศกรีม
JMRFS	มะพร้าวปั่นกาแฟ
CQP37	มะพร้าวปั่นนมสด
36UKY	มะพร้าวปั่นนมสด
0F6DB	มะพร้าวปั่นกาแฟ
5MSK6	มะพร้าวปั่นนมสด
E42F1	น้ำมะพร้าวสดแท้100%ใส่แก้ว
Y7NYB	มะพร้าวปั่นนมสด
J2YGN	ไอศกรีมมะพร้าวอ่อนใส่แก้ว
E0VSB	มะพร้าวปั่นเพิ่มบุกบราวช์
4WSD4	พุดดิ้งมะพร้าวน้ำหอม
81AI6	มะพร้าวปั่นนมสด
81AI6	ไอศกรีมมะพร้าวอ่อน
QZGJH	น้ำมะพร้าวสดแท้100%ใส่แก้ว
4Q10T	มะพร้าวปั่นนมสด
VZMJZ	มะพร้าวปั่นนมสด
RHKDJ	มะพร้าวปั่นนมสด
QOL3R	มะพร้าวปั่นนมสด
53G78	มะพร้าวปั่นนมสด
53G78	มะพร้าวปั่นกาแฟ
R2I3W	มะพร้าวปั่นเพิ่มบุกบราวช์
2LF3X	ไอศกรีมมะพร้าวอ่อนใส่แก้ว
HZZYB	มะพร้าวปั่นเพิ่มบุกและไอศกรีม
3JIY0	มะพร้าวแก้ว
3JIY0	ไอศกรีมมะพร้าวอ่อนใส่แก้ว
R27E6	มะพร้าวปั่นนมสด
R27E6	น้ำมะพร้าวสดแท้100%ใส่แก้ว
GWR8L	มะพร้าวปั่นเพิ่มบุกบราวช์
TPKA0	มะพร้าวปั่นเพิ่มไอศกรีม
TPKA0	มะพร้าวปั่นนมสด
GAUOW	มะพร้าวปั่นนมสด
GAUOW	น้ำมะพร้าวสดแท้100%ใส่แก้ว
5XK0H	น้ำมะพร้าวสดแท้100%ใส่แก้ว
A54L2	ไอศกรีมชุดจุใจขนาด500g
A54L2	มะพร้าวปั่นเพิ่มไอศกรีม
89J88	มะพร้าวปั่นเพิ่มไอศกรีม
89J88	มะพร้าวปั่นกาแฟ
89J88	ไอศกรีมมะพร้าวอ่อน
V1DBC	มะพร้าวปั่นเพิ่มไอศกรีม
V1DBC	มะพร้าวปั่นนมสด
5XWUX	ไอศกรีมมะพร้าวอ่อนใส่แก้ว
BPIHQ	มะพร้าวปั่นนมสด
K0ZI1	ไอศกรีมมะพร้าวอ่อนใส่แก้ว
LPDEB	พุดดิ้งมะพร้าวน้ำหอม
XFKLZ	มะพร้าวปั่นนมสด
MO3ZE	น้ำมะพร้าวสดแท้100%ใส่แก้ว
UXP67	มะพร้าวปั่นนมสด
5QMR1	มะพร้าวปั่นนมสด
8FK5G	ไอศกรีมมะพร้าวอ่อน
8FK5G	มะพร้าวปั่นนมสด
89T0L	มะพร้าวปั่นเพิ่มบุกบราวช์
89T0L	ไอศกรีมมะพร้าวอ่อนใส่แก้ว
B2KDB	มะพร้าวปั่นนมสด
Z0L9H	มะพร้าวปั่นเพิ่มบุกบราวช์
54YSR	ไอศกรีมมะพร้าวอ่อนใส่แก้ว
54YSR	มะพร้าวปั่นกาแฟ
SHT76	มะพร้าวปั่นกาแฟ
JDQX6	ไอศกรีมมะพร้าวอ่อน
JDQX6	พุดดิ้งมะพร้าวน้ำหอม
IB0D8	มะพร้าวปั่นเพิ่มไอศกรีม
CXJQ1	ไอศกรีมมะพร้าวอ่อน
JFWGE	มะพร้าวปั่นนมสด
MCBTS	มะพร้าวปั่นนมสด
VF48X	มะพร้าวปั่นนมสด
D5TU6	มะพร้าวปั่นนมสด
KNCTP	มะพร้าวแก้ว
BO9J2	ไอศกรีมมะพร้าวอ่อนใส่แก้ว
3DZ1Q	ไอศกรีมมะพร้าวอ่อนใส่แก้ว
3DZ1Q	มะพร้าวปั่นนมสด
RIA6H	มะพร้าวปั่นนมสด
DFWMH	มะพร้าวปั่นนมสด
DFWMH	มะพร้าวปั่นเพิ่มบุกและไอศกรีม
DFWMH	ไอศกรีมมะพร้าวอ่อนใส่แก้ว
KCN2V	มะพร้าวปั่นนมสด
ZOT27	มะพร้าวปั่นนมสด
FHH6S	มะพร้าวปั่นนมสด
73DT6	มะพร้าวปั่นนมสด
73DT6	ไอศกรีมมะพร้าวอ่อนใส่แก้ว
7TB7J	มะพร้าวปั่นเพิ่มบุกบราวช์
7TB7J	มะพร้าวปั่นนมสด
7TB7J	มะพร้าวปั่นโอริโอ้
PUG9M	มะพร้าวปั่นกาแฟเพิ่มบุก
VOT0Q	น้ำมะพร้าวสดแท้100%ใส่แก้ว
VOT0Q	ไอศกรีมมะพร้าวอ่อนใส่แก้ว
AX1T3	มะพร้าวปั่นนมสด
R4C4L	มะพร้าวปั่นเพิ่มบุกและไอศกรีม
YM58B	ไอศกรีมมะพร้าวอ่อนใส่แก้ว
4TJK2	ไอศกรีมมะพร้าวอ่อน
MK4JO	ไอศกรีมมะพร้าวอ่อนใส่แก้ว
EA8GV	มะพร้าวปั่นเพิ่มบุกบราวช์
O999G	มะพร้าวปั่นนมสด
O999G	ไอศกรีมมะพร้าวอ่อนใส่แก้ว
SA3P0	ไอศกรีมมะพร้าวอ่อนใส่แก้ว
G1VAC	ไอศกรีมมะพร้าวอ่อน
G1VAC	มะพร้าวปั่นนมสด
2F2JM	ไอศกรีมมะพร้าวอ่อน
2F2JM	มะพร้าวปั่นนมสด
Z5DWA	น้ำมะพร้าวสดแท้100%ใส่แก้ว
Z5DWA	พุดดิ้งมะพร้าวน้ำหอม
Z5DWA	มะพร้าวปั่นนมสด
BDWGW	มะพร้าวปั่นนมสด
BDWGW	น้ำมะพร้าวสดแท้100%ใส่แก้ว
Z5L3Y	พุดดิ้งมะพร้าวน้ำหอม
Z5L3Y	ไอศกรีมมะพร้าวอ่อน
J95HN	พุดดิ้งมะพร้าวน้ำหอม
OXDXF	ไอศกรีมมะพร้าวอ่อนใส่แก้ว
UUPOO	มะพร้าวปั่นนมสด
AQDG5	มะพร้าวปั่นเพิ่มไอศกรีม
XIPLV	พุดดิ้งมะพร้าวน้ำหอม
151P8	มะพร้าวปั่นนมสด
Y205W	มะพร้าวปั่นนมสด
Y205W	ไอศกรีมมะพร้าวอ่อน
Y205W	ไอศกรีมมะพร้าวอ่อนใส่แก้ว
8SZ4D	ไอศกรีมมะพร้าวอ่อนใส่แก้ว
4H3CT	น้ำมะพร้าวสดแท้100%ใส่แก้ว
HH262	มะพร้าวปั่นนมสด
YBQ8J	มะพร้าวปั่นนมสด
PHPUJ	น้ำมะพร้าวสดแท้100%ใส่แก้ว
H8D8N	ไอศกรีมมะพร้าวอ่อนใส่แก้ว
OGS63	มะพร้าวปั่นนมสด
OGS63	มะพร้าวปั่นกาแฟ
EPUUS	ไอศกรีมมะพร้าวอ่อน
3XS37	มะพร้าวแก้ว
2SZ46	มะพร้าวปั่นนมสด
MTHUY	มะพร้าวปั่นเพิ่มไอศกรีม
MZSNT	มะพร้าวปั่นนมสด
RO61U	มะพร้าวปั่นนมสด
RO61U	ไอศกรีมมะพร้าวอ่อน
TT7C7	มะพร้าวปั่นนมสด
XKBSJ	มะพร้าวปั่นนมสด
AZTZ6	มะพร้าวปั่นนมสด
YSRT4	ไอศกรีมมะพร้าวอ่อน
YX5KF	ไอศกรีมมะพร้าวอ่อนใส่แก้ว
V84IO	ไอศกรีมมะพร้าวอ่อนใส่แก้ว
V84IO	ไอศกรีมมะพร้าวอ่อน
5YH3C	มะพร้าวปั่นโอริโอ้
5YH3C	มะพร้าวปั่นนมสด
D28R5	มะพร้าวปั่นนมสด
VDGHX	ไอศกรีมมะพร้าวอ่อนใส่แก้ว
EYMN3	มะพร้าวปั่นนมสด
EYMN3	มะพร้าวปั่นเพิ่มไอศกรีม
QVBOU	มะพร้าวปั่นเพิ่มไอศกรีม
7YIQT	มะพร้าวปั่นนมสด
4B7YT	มะพร้าวปั่นนมสด
DSBFH	มะพร้าวปั่นนมสด
K60A9	มะพร้าวปั่นนมสด
K60A9	ไอศกรีมมะพร้าวอ่อน
TQ37N	มะพร้าวปั่นนมสด
SNJ3T	มะพร้าวปั่นนมสด
SNJ3T	มะพร้าวแก้ว
IYCZC	พุดดิ้งมะพร้าวน้ำหอม
IYCZC	มะพร้าวปั่นนมสด
IYCZC	ไอศกรีมมะพร้าวอ่อน
PP5AK	ไอศกรีมมะพร้าวอ่อนใส่แก้ว
PP5AK	ไอศกรีมมะพร้าวอ่อน
9ZHSZ	น้ำมะพร้าวสดแท้100%ใส่แก้ว
UMX9D	มะพร้าวปั่นนมสด
UMX9D	มะพร้าวแก้ว
LU4OE	ไอศกรีมมะพร้าวอ่อนใส่แก้ว
9ONFS	ไอศกรีมมะพร้าวอ่อนใส่แก้ว
9ONFS	มะพร้าวปั่นนมสด
VLNXG	ไอศกรีมมะพร้าวอ่อนใส่แก้ว
